[{"model": "auth.permission", "pk": 1, "fields": {"name": "Can add log entry", "content_type": 1, "codename": "add_logentry"}}, {"model": "auth.permission", "pk": 2, "fields": {"name": "Can change log entry", "content_type": 1, "codename": "change_logentry"}}, {"model": "auth.permission", "pk": 3, "fields": {"name": "Can delete log entry", "content_type": 1, "codename": "delete_logentry"}}, {"model": "auth.permission", "pk": 4, "fields": {"name": "Can view log entry", "content_type": 1, "codename": "view_logentry"}}, {"model": "auth.permission", "pk": 5, "fields": {"name": "Can add permission", "content_type": 2, "codename": "add_permission"}}, {"model": "auth.permission", "pk": 6, "fields": {"name": "Can change permission", "content_type": 2, "codename": "change_permission"}}, {"model": "auth.permission", "pk": 7, "fields": {"name": "Can delete permission", "content_type": 2, "codename": "delete_permission"}}, {"model": "auth.permission", "pk": 8, "fields": {"name": "Can view permission", "content_type": 2, "codename": "view_permission"}}, {"model": "auth.permission", "pk": 9, "fields": {"name": "Can add group", "content_type": 3, "codename": "add_group"}}, {"model": "auth.permission", "pk": 10, "fields": {"name": "Can change group", "content_type": 3, "codename": "change_group"}}, {"model": "auth.permission", "pk": 11, "fields": {"name": "Can delete group", "content_type": 3, "codename": "delete_group"}}, {"model": "auth.permission", "pk": 12, "fields": {"name": "Can view group", "content_type": 3, "codename": "view_group"}}, {"model": "auth.permission", "pk": 13, "fields": {"name": "Can add user", "content_type": 4, "codename": "add_user"}}, {"model": "auth.permission", "pk": 14, "fields": {"name": "Can change user", "content_type": 4, "codename": "change_user"}}, {"model": "auth.permission", "pk": 15, "fields": {"name": "Can delete user", "content_type": 4, "codename": "delete_user"}}, {"model": "auth.permission", "pk": 16, "fields": {"name": "Can view user", "content_type": 4, "codename": "view_user"}}, {"model": "auth.permission", "pk": 17, "fields": {"name": "Can add content type", "content_type": 5, "codename": "add_contenttype"}}, {"model": "auth.permission", "pk": 18, "fields": {"name": "Can change content type", "content_type": 5, "codename": "change_contenttype"}}, {"model": "auth.permission", "pk": 19, "fields": {"name": "Can delete content type", "content_type": 5, "codename": "delete_contenttype"}}, {"model": "auth.permission", "pk": 20, "fields": {"name": "Can view content type", "content_type": 5, "codename": "view_contenttype"}}, {"model": "auth.permission", "pk": 21, "fields": {"name": "Can add session", "content_type": 6, "codename": "add_session"}}, {"model": "auth.permission", "pk": 22, "fields": {"name": "Can change session", "content_type": 6, "codename": "change_session"}}, {"model": "auth.permission", "pk": 23, "fields": {"name": "Can delete session", "content_type": 6, "codename": "delete_session"}}, {"model": "auth.permission", "pk": 24, "fields": {"name": "Can view session", "content_type": 6, "codename": "view_session"}}, {"model": "auth.permission", "pk": 25, "fields": {"name": "Can add Token", "content_type": 7, "codename": "add_token"}}, {"model": "auth.permission", "pk": 26, "fields": {"name": "Can change Token", "content_type": 7, "codename": "change_token"}}, {"model": "auth.permission", "pk": 27, "fields": {"name": "Can delete Token", "content_type": 7, "codename": "delete_token"}}, {"model": "auth.permission", "pk": 28, "fields": {"name": "Can view Token", "content_type": 7, "codename": "view_token"}}, {"model": "auth.permission", "pk": 29, "fields": {"name": "Can add token", "content_type": 8, "codename": "add_tokenproxy"}}, {"model": "auth.permission", "pk": 30, "fields": {"name": "Can change token", "content_type": 8, "codename": "change_tokenproxy"}}, {"model": "auth.permission", "pk": 31, "fields": {"name": "Can delete token", "content_type": 8, "codename": "delete_tokenproxy"}}, {"model": "auth.permission", "pk": 32, "fields": {"name": "Can view token", "content_type": 8, "codename": "view_tokenproxy"}}, {"model": "auth.permission", "pk": 33, "fields": {"name": "Can add photo", "content_type": 9, "codename": "add_photo"}}, {"model": "auth.permission", "pk": 34, "fields": {"name": "Can change photo", "content_type": 9, "codename": "change_photo"}}, {"model": "auth.permission", "pk": 35, "fields": {"name": "Can delete photo", "content_type": 9, "codename": "delete_photo"}}, {"model": "auth.permission", "pk": 36, "fields": {"name": "Can view photo", "content_type": 9, "codename": "view_photo"}}, {"model": "auth.permission", "pk": 37, "fields": {"name": "Can add baby", "content_type": 10, "codename": "add_baby"}}, {"model": "auth.permission", "pk": 38, "fields": {"name": "Can change baby", "content_type": 10, "codename": "change_baby"}}, {"model": "auth.permission", "pk": 39, "fields": {"name": "Can delete baby", "content_type": 10, "codename": "delete_baby"}}, {"model": "auth.permission", "pk": 40, "fields": {"name": "Can view baby", "content_type": 10, "codename": "view_baby"}}, {"model": "auth.permission", "pk": 41, "fields": {"name": "Can add comment", "content_type": 11, "codename": "add_comment"}}, {"model": "auth.permission", "pk": 42, "fields": {"name": "Can change comment", "content_type": 11, "codename": "change_comment"}}, {"model": "auth.permission", "pk": 43, "fields": {"name": "Can delete comment", "content_type": 11, "codename": "delete_comment"}}, {"model": "auth.permission", "pk": 44, "fields": {"name": "Can view comment", "content_type": 11, "codename": "view_comment"}}, {"model": "auth.permission", "pk": 45, "fields": {"name": "Can add daily user", "content_type": 12, "codename": "add_dailyuser"}}, {"model": "auth.permission", "pk": 46, "fields": {"name": "Can change daily user", "content_type": 12, "codename": "change_dailyuser"}}, {"model": "auth.permission", "pk": 47, "fields": {"name": "Can delete daily user", "content_type": 12, "codename": "delete_dailyuser"}}, {"model": "auth.permission", "pk": 48, "fields": {"name": "Can view daily user", "content_type": 12, "codename": "view_dailyuser"}}, {"model": "auth.permission", "pk": 49, "fields": {"name": "Can add entry", "content_type": 13, "codename": "add_entry"}}, {"model": "auth.permission", "pk": 50, "fields": {"name": "Can change entry", "content_type": 13, "codename": "change_entry"}}, {"model": "auth.permission", "pk": 51, "fields": {"name": "Can delete entry", "content_type": 13, "codename": "delete_entry"}}, {"model": "auth.permission", "pk": 52, "fields": {"name": "Can view entry", "content_type": 13, "codename": "view_entry"}}, {"model": "auth.permission", "pk": 53, "fields": {"name": "Can add prompt", "content_type": 14, "codename": "add_prompt"}}, {"model": "auth.permission", "pk": 54, "fields": {"name": "Can change prompt", "content_type": 14, "codename": "change_prompt"}}, {"model": "auth.permission", "pk": 55, "fields": {"name": "Can delete prompt", "content_type": 14, "codename": "delete_prompt"}}, {"model": "auth.permission", "pk": 56, "fields": {"name": "Can view prompt", "content_type": 14, "codename": "view_prompt"}}, {"model": "auth.permission", "pk": 57, "fields": {"name": "Can add relationship", "content_type": 15, "codename": "add_relationship"}}, {"model": "auth.permission", "pk": 58, "fields": {"name": "Can change relationship", "content_type": 15, "codename": "change_relationship"}}, {"model": "auth.permission", "pk": 59, "fields": {"name": "Can delete relationship", "content_type": 15, "codename": "delete_relationship"}}, {"model": "auth.permission", "pk": 60, "fields": {"name": "Can view relationship", "content_type": 15, "codename": "view_relationship"}}, {"model": "auth.permission", "pk": 61, "fields": {"name": "Can add user baby", "content_type": 16, "codename": "add_userbaby"}}, {"model": "auth.permission", "pk": 62, "fields": {"name": "Can change user baby", "content_type": 16, "codename": "change_userbaby"}}, {"model": "auth.permission", "pk": 63, "fields": {"name": "Can delete user baby", "content_type": 16, "codename": "delete_userbaby"}}, {"model": "auth.permission", "pk": 64, "fields": {"name": "Can view user baby", "content_type": 16, "codename": "view_userbaby"}}, {"model": "auth.user", "pk": 1, "fields": {"password": "pbkdf2_sha256$216000$qMRH8szID7Z8$Vljya2V3XfruOHuvx1hGz9ZyKg4bxbw7rc2WO0gTR7I=", "last_login": null, "is_superuser": false, "username": "me@me.com", "first_name": "Kristen", "last_name": "Steele", "email": "me@me.com", "is_staff": false, "is_active": true, "date_joined": "2020-08-28T14:51:39.989Z", "groups": [], "user_permissions": []}}, {"model": "auth.user", "pk": 2, "fields": {"password": "password", "last_login": null, "is_superuser": false, "username": "you@me.com", "first_name": "Hunter", "last_name": "Sholar", "email": "you@me.com", "is_staff": false, "is_active": true, "date_joined": "2020-08-28T14:51:39.989Z", "groups": [], "user_permissions": []}}, {"model": "auth.user", "pk": 3, "fields": {"password": "pbkdf2_sha256$216000$RbdvHGfekBOt$LG9t7SmcNuZmlgPNlDTWG4KbWn5Tji/0aYn9tjd+9cs=", "last_login": null, "is_superuser": false, "username": "dgale", "first_name": "Diane", "last_name": "Gale", "email": "diane@gmail.com", "is_staff": false, "is_active": true, "date_joined": "2021-03-25T18:35:35.678Z", "groups": [], "user_permissions": []}}, {"model": "auth.user", "pk": 4, "fields": {"password": "pbkdf2_sha256$216000$Sr1eUtN1bUUr$fI6A+l08rvITbLCAmLs49UlORRAmhLMDiW5s66aYlto=", "last_login": null, "is_superuser": false, "username": "doosoo", "first_name": "Donna", "last_name": "Soo", "email": "ds@gmail.com", "is_staff": false, "is_active": true, "date_joined": "2021-03-25T19:09:39.899Z", "groups": [], "user_permissions": []}}, {"model": "auth.user", "pk": 5, "fields": {"password": "pbkdf2_sha256$216000$Ve7A4EZEhwcd$BXkTbsvyoxL0CkQUJndYZtAP3kxuapeV4rWynIJlVwI=", "last_login": null, "is_superuser": false, "username": "jj", "first_name": "jj", "last_name": "jones", "email": "jj@jones.com", "is_staff": false, "is_active": true, "date_joined": "2021-03-26T00:58:15.411Z", "groups": [], "user_permissions": []}}, {"model": "contenttypes.contenttype", "pk": 1, "fields": {"app_label": "admin", "model": "logentry"}}, {"model": "contenttypes.contenttype", "pk": 2, "fields": {"app_label": "auth", "model": "permission"}}, {"model": "contenttypes.contenttype", "pk": 3, "fields": {"app_label": "auth", "model": "group"}}, {"model": "contenttypes.contenttype", "pk": 4, "fields": {"app_label": "auth", "model": "user"}}, {"model": "contenttypes.contenttype", "pk": 5, "fields": {"app_label": "contenttypes", "model": "contenttype"}}, {"model": "contenttypes.contenttype", "pk": 6, "fields": {"app_label": "sessions", "model": "session"}}, {"model": "contenttypes.contenttype", "pk": 7, "fields": {"app_label": "authtoken", "model": "token"}}, {"model": "contenttypes.contenttype", "pk": 8, "fields": {"app_label": "authtoken", "model": "tokenproxy"}}, {"model": "contenttypes.contenttype", "pk": 9, "fields": {"app_label": "dailybabyapi", "model": "photo"}}, {"model": "contenttypes.contenttype", "pk": 10, "fields": {"app_label": "dailybabyapi", "model": "baby"}}, {"model": "contenttypes.contenttype", "pk": 11, "fields": {"app_label": "dailybabyapi", "model": "comment"}}, {"model": "contenttypes.contenttype", "pk": 12, "fields": {"app_label": "dailybabyapi", "model": "dailyuser"}}, {"model": "contenttypes.contenttype", "pk": 13, "fields": {"app_label": "dailybabyapi", "model": "entry"}}, {"model": "contenttypes.contenttype", "pk": 14, "fields": {"app_label": "dailybabyapi", "model": "prompt"}}, {"model": "contenttypes.contenttype", "pk": 15, "fields": {"app_label": "dailybabyapi", "model": "relationship"}}, {"model": "contenttypes.contenttype", "pk": 16, "fields": {"app_label": "dailybabyapi", "model": "userbaby"}}, {"model": "authtoken.token", "pk": "4212ac3b037a8008d8cdd62c453cd39908f9a846", "fields": {"user": 5, "created": "2021-03-26T00:58:15.752Z"}}, {"model": "authtoken.token", "pk": "7364433b6551759b3175014726d80aa82d71364a", "fields": {"user": 4, "created": "2021-03-25T19:09:40.173Z"}}, {"model": "authtoken.token", "pk": "a4368b3df24b7ff44135aa8ca5a060c2cec9c14c", "fields": {"user": 3, "created": "2021-03-25T18:35:36.227Z"}}, {"model": "authtoken.token", "pk": "fa2eba9be8282d595c997ee5cd49f2ed31f48taf", "fields": {"user": 2, "created": "2020-08-29T13:24:27.172Z"}}, {"model": "authtoken.token", "pk": "fa2eba9be8282d595c997ee5cd49f2ed31f65bed", "fields": {"user": 1, "created": "2020-08-29T13:24:27.172Z"}}, {"model": "dailybabyapi.photo", "pk": 1, "fields": {"image": "https://res.cloudinary.com/fluffydaydream/image/upload/v1615750963/2749564C-3FF0-4610-8FC9-231E67F32625_divjkh.jpg", "entry": 1}}, {"model": "dailybabyapi.photo", "pk": 2, "fields": {"image": "https://res.cloudinary.com/fluffydaydream/image/upload/v1615750963/B0B1799C-DCDA-4FA1-A2A7-5C3C9E81CA2A_lpwtmz.jpg", "entry": 2}}, {"model": "dailybabyapi.photo", "pk": 3, "fields": {"image": "https://res.cloudinary.com/fluffydaydream/image/upload/v1615750963/FECABEFA-F4FA-4201-BCCF-3823125D61E1_1_201_a_vgihlw.jpg", "entry": 3}}, {"model": "dailybabyapi.photo", "pk": 4, "fields": {"image": "https://res.cloudinary.com/fluffydaydream/image/upload/v1615750963/474323BF-2F8C-4DC7-81C9-B404252E5008_ech0pr.jpg", "entry": 4}}, {"model": "dailybabyapi.photo", "pk": 6, "fields": {"image": "https://res.cloudinary.com/fluffydaydream/image/upload/v1615750963/CCAA4E5A-3EFB-41FD-9038-96BAFE95A56D_1_201_a_ik1a06.jpg", "entry": 6}}, {"model": "dailybabyapi.photo", "pk": 7, "fields": {"image": "https://res.cloudinary.com/fluffydaydream/image/upload/v1615750964/7BD39904-28DF-4166-A514-3B2ADBE94BD9_ongxpf.jpg", "entry": 7}}, {"model": "dailybabyapi.photo", "pk": 10, "fields": {"image": "https://res.cloudinary.com/fluffydaydream/image/upload/v1615750964/0AADBBA3-99BA-4C33-BC74-DF6250FEB7D4_hm68si.jpg", "entry": 10}}, {"model": "dailybabyapi.photo", "pk": 11, "fields": {"image": "https://res.cloudinary.com/fluffydaydream/image/upload/v1615750964/C24B3FAF-2DBB-421B-ACE2-CD212C4F4B2C_1_201_a_lirfwu.jpg", "entry": 11}}, {"model": "dailybabyapi.photo", "pk": 12, "fields": {"image": "https://res.cloudinary.com/fluffydaydream/image/upload/v1615750965/1BF6ACA1-A06C-4EAC-BC6E-4C55BD283A10_gv8evg.jpg", "entry": 12}}, {"model": "dailybabyapi.photo", "pk": 13, "fields": {"image": "https://res.cloudinary.com/fluffydaydream/image/upload/v1616698976/hd6jjsvx21pimokbrye6.jpg", "entry": 13}}, {"model": "dailybabyapi.photo", "pk": 28, "fields": {"image": "https://res.cloudinary.com/fluffydaydream/image/upload/v1615750963/617105E0-1F2E-4A2E-9CD5-BC2CCC73D685_ygufkk.jpg", "entry": 5}}, {"model": "dailybabyapi.photo", "pk": 30, "fields": {"image": "https://res.cloudinary.com/fluffydaydream/image/upload/v1615750964/D7EF7741-C39E-44BD-85DE-909A15552F19_1_201_a_cogzxi.jpg", "entry": 8}}, {"model": "dailybabyapi.baby", "pk": 1, "fields": {"first_name": "Conifer", "middle_name": "Steele", "last_name": "Sholar", "nickname": "Mr. Baby", "birth_date": "2019-12-03", "profile_image": "https://res.cloudinary.com/fluffydaydream/image/upload/v1616691385/retgouphmqu99shq333b.jpg"}}, {"model": "dailybabyapi.baby", "pk": 2, "fields": {"first_name": "Frances", "middle_name": "China", "last_name": "Cash", "nickname": "Franny", "birth_date": "2001-06-01", "profile_image": "https://res.cloudinary.com/fluffydaydream/image/upload/v1616698120/sfw7fjvtet1mu3cumkc0.jpg"}}, {"model": "dailybabyapi.baby", "pk": 3, "fields": {"first_name": "Manny", "middle_name": "Moo", "last_name": "Soo", "nickname": "MooMoo", "birth_date": "2008-08-08", "profile_image": "https://res.cloudinary.com/fluffydaydream/image/upload/v1616699503/h4mtj0b7ox8sdbq5gbtk.jpg"}}, {"model": "dailybabyapi.comment", "pk": 1, "fields": {"entry": 7, "user": 2, "created_on": "2020-06-18T14:51:39.989Z", "content": "I can't wait to see if he likes kimchi!"}}, {"model": "dailybabyapi.comment", "pk": 2, "fields": {"entry": 7, "user": 1, "created_on": "2020-06-18T15:53:39.989Z", "content": "Ew. But he inherited all your other traits, so I'm sure he'll like stinky food too."}}, {"model": "dailybabyapi.dailyuser", "pk": 1, "fields": {"user": 1, "text_time": "10:45:00", "phone_number": "8504853419", "profile_image": "https://res.cloudinary.com/fluffydaydream/image/upload/v1616720235/phikbwf9u1smdvbxak8y.jpg", "monday": true, "tuesday": true, "wednesday": true, "thursday": true, "friday": true, "saturday": true, "sunday": true}}, {"model": "dailybabyapi.dailyuser", "pk": 2, "fields": {"user": 2, "text_time": "10:15:00", "phone_number": "3144090183", "profile_image": "https://res.cloudinary.com/fluffydaydream/image/upload/w_1000,c_fill,ar_1:1,g_auto,r_max,b_rgb:262c35/v1615775784/AC2E99D4-E695-4F05-8795-A3AAD66AD409_pogcuz.jpg", "monday": true, "tuesday": false, "wednesday": true, "thursday": false, "friday": true, "saturday": true, "sunday": false}}, {"model": "dailybabyapi.dailyuser", "pk": 3, "fields": {"user": 3, "text_time": "00:00:00", "phone_number": "0000000000", "profile_image": "https://res.cloudinary.com/fluffydaydream/image/upload/v1615834269/blank-profile-picture-973460_640_rtmmdv.png", "monday": false, "tuesday": false, "wednesday": false, "thursday": false, "friday": false, "saturday": false, "sunday": false}}, {"model": "dailybabyapi.dailyuser", "pk": 4, "fields": {"user": 4, "text_time": "00:00:00", "phone_number": "0000000000", "profile_image": "https://res.cloudinary.com/fluffydaydream/image/upload/v1616706402/ll3xqafx20o0uodciu6l.jpg", "monday": true, "tuesday": false, "wednesday": true, "thursday": false, "friday": false, "saturday": false, "sunday": false}}, {"model": "dailybabyapi.dailyuser", "pk": 5, "fields": {"user": 5, "text_time": "00:00:00", "phone_number": "0000000000", "profile_image": "https://res.cloudinary.com/fluffydaydream/image/upload/v1615834269/blank-profile-picture-973460_640_rtmmdv.png", "monday": false, "tuesday": false, "wednesday": false, "thursday": false, "friday": false, "saturday": false, "sunday": false}}, {"model": "dailybabyapi.entry", "pk": 1, "fields": {"user_baby": 1, "prompt": null, "created_on": "2019-12-15", "text": "He's such a sleepy little bundle. I could watch him sleep all day.", "is_private": false}}, {"model": "dailybabyapi.entry", "pk": 2, "fields": {"user_baby": 2, "prompt": null, "created_on": "2020-01-12", "text": "His eyes are so blue!", "is_private": false}}, {"model": "dailybabyapi.entry", "pk": 3, "fields": {"user_baby": 1, "prompt": 3, "created_on": "2020-02-16", "text": "Conifer is starting to smile more and is really becoming active! He kicks and kicks when he's excited.", "is_private": false}}, {"model": "dailybabyapi.entry", "pk": 4, "fields": {"user_baby": 2, "prompt": 4, "created_on": "2020-03-01", "text": "Conifer discovered his reflection in my sunglasses today. It's so fun watching him develop.", "is_private": false}}, {"model": "dailybabyapi.entry", "pk": 5, "fields": {"user_baby": 1, "prompt": 1, "created_on": "2020-03-20", "text": "Conifer loves the sweet little rattle given to him by John and Sally Mae. He tries to stuff the whole thing in his mouth, which is hilarious to watch. lil bear", "is_private": false}}, {"model": "dailybabyapi.entry", "pk": 6, "fields": {"user_baby": 1, "prompt": 2, "created_on": "2020-05-15", "text": "We've been hanging out outside a lot. Conifer loves to play in the pool. He's laughing a lot lately.", "is_private": false}}, {"model": "dailybabyapi.entry", "pk": 7, "fields": {"user_baby": 1, "prompt": 5, "created_on": "2020-06-17", "text": "Conifer loves blueberries! Really, any fruit. And he's such a messy little eater, but so fun to watch.", "is_private": false}}, {"model": "dailybabyapi.entry", "pk": 8, "fields": {"user_baby": 1, "prompt": 4, "created_on": "2020-09-12", "text": "Conifer loves all of his Denver friends. He's met Evette, Jason, Lauren, and Nick. Today we went on a seven-mile hike with Nick! Conifer loved hanging out near the alpine lake, and slept all the way home. Sleepy bunny.", "is_private": false}}, {"model": "dailybabyapi.entry", "pk": 10, "fields": {"user_baby": 2, "prompt": null, "created_on": "2020-12-01", "text": "Now that he has teeth, we've introduced tooth brushing to the nighttime routine. He seems to really love it, but it's probably the pear-flavored toothpaste.", "is_private": false}}, {"model": "dailybabyapi.entry", "pk": 11, "fields": {"user_baby": 2, "prompt": null, "created_on": "2020-01-07", "text": "I love playing my horn for Conifer and watching how he responds to the music.", "is_private": false}}, {"model": "dailybabyapi.entry", "pk": 12, "fields": {"user_baby": 1, "prompt": null, "created_on": "2020-02-28", "text": "Conifer loves bathtime! It's one of my favorite parts of the day. He thinks it's so funny to splash us.", "is_private": false}}, {"model": "dailybabyapi.entry", "pk": 13, "fields": {"user_baby": 3, "prompt": 1, "created_on": "2021-03-25", "text": "Tubby Custard", "is_private": false}}, {"model": "dailybabyapi.prompt", "pk": 1, "fields": {"prompt": "Does baby have a favorite toy right now?"}}, {"model": "dailybabyapi.prompt", "pk": 2, "fields": {"prompt": "Have you noticed any new ways baby is communicating with you?"}}, {"model": "dailybabyapi.prompt", "pk": 3, "fields": {"prompt": "What is baby's newest development?"}}, {"model": "dailybabyapi.prompt", "pk": 4, "fields": {"prompt": "Has baby made any new friends recently?"}}, {"model": "dailybabyapi.prompt", "pk": 5, "fields": {"prompt": "What is baby's favorite food at the moment?"}}, {"model": "dailybabyapi.relationship", "pk": 1, "fields": {"type": "Mother"}}, {"model": "dailybabyapi.relationship", "pk": 2, "fields": {"type": "Father"}}, {"model": "dailybabyapi.relationship", "pk": 3, "fields": {"type": "Grandmother"}}, {"model": "dailybabyapi.relationship", "pk": 4, "fields": {"type": "Grandfather"}}, {"model": "dailybabyapi.relationship", "pk": 5, "fields": {"type": "Sibling"}}, {"model": "dailybabyapi.relationship", "pk": 6, "fields": {"type": "Aunt"}}, {"model": "dailybabyapi.relationship", "pk": 7, "fields": {"type": "Uncle"}}, {"model": "dailybabyapi.relationship", "pk": 8, "fields": {"type": "Cousin"}}, {"model": "dailybabyapi.relationship", "pk": 9, "fields": {"type": "Friend"}}, {"model": "dailybabyapi.userbaby", "pk": 1, "fields": {"user": 1, "baby": 1, "relationship": 1}}, {"model": "dailybabyapi.userbaby", "pk": 2, "fields": {"user": 2, "baby": 1, "relationship": 2}}, {"model": "dailybabyapi.userbaby", "pk": 3, "fields": {"user": 3, "baby": 2, "relationship": 1}}, {"model": "dailybabyapi.userbaby", "pk": 4, "fields": {"user": 4, "baby": 3, "relationship": 1}}]